{
  "version": 1,
  "author": "Uri Shaked",
  "editor": "wokwi",
  "parts": [
    { "type": "wokwi-breadboard-mini", "id": "bb1", "top": 113.8, "left": 170.4, "attrs": {} },
    { "type": "wokwi-esp32-devkit-v1", "id": "esp", "top": 4.7, "left": 4.6, "attrs": {} },
    {
      "type": "wokwi-lcd1602",
      "id": "lcd1",
      "top": 102.4,
      "left": -330.4,
      "attrs": { "pins": "i2c" }
    },
    { "type": "wokwi-led", "id": "led3", "top": 102, "left": 263, "attrs": { "color": "red" } },
    { "type": "wokwi-led", "id": "led4", "top": 82.8, "left": 167, "attrs": { "color": "green" } },
    {
      "type": "wokwi-resistor",
      "id": "r4",
      "top": 187.2,
      "left": 258.65,
      "rotate": 90,
      "attrs": { "value": "1000" }
    },
    {
      "type": "wokwi-resistor",
      "id": "r5",
      "top": 187.2,
      "left": 162.65,
      "rotate": 90,
      "attrs": { "value": "1000" }
    },
    {
      "type": "wokwi-resistor",
      "id": "r6",
      "top": 187.2,
      "left": 201.05,
      "rotate": 90,
      "attrs": { "value": "10000" }
    },
    {
      "type": "wokwi-dht22",
      "id": "dht2",
      "top": 9.9,
      "left": 205.8,
      "attrs": { "temperature": "8.7", "humidity": "46" }
    },
    {
      "type": "wokwi-buzzer",
      "id": "bz2",
      "top": 50.4,
      "left": 299.4,
      "attrs": { "volume": "0.1" }
    },
    {
      "type": "wokwi-text",
      "id": "text1",
      "top": -48,
      "left": -211.2,
      "attrs": { "text": "SISTEM MONITORING SUHU DAN KELEMBABAN RUANGAN" }
    },
    {
      "type": "wokwi-text",
      "id": "text2",
      "top": -67.2,
      "left": -48,
      "attrs": { "text": "KELOMPOK 8" }
    }
  ],
  "connections": [
    [ "esp:TX0", "$serialMonitor:RX", "", [] ],
    [ "esp:RX0", "$serialMonitor:TX", "", [] ],
    [ "lcd1:GND", "esp:GND.2", "black", [ "h-19.2", "v144", "h345.6", "v-124.7" ] ],
    [ "lcd1:VCC", "esp:VIN", "red", [ "h-9.6", "v105.7", "h326.4", "v-86.4" ] ],
    [ "lcd1:SDA", "esp:D21", "#8f4814", [ "h-38.4", "v115.4", "h499.2", "v-201.2" ] ],
    [ "lcd1:SCL", "esp:D22", "orange", [ "h-28.8", "v96.3", "h499.2", "v-220.5" ] ],
    [ "bb1:2b.j", "esp:D27", "red", [ "v19.2", "h-201.6", "v-134.1" ] ],
    [ "bb1:5t.e", "esp:3V3", "red", [ "v86.4", "h-96", "v-86.4" ] ],
    [ "bb1:1t.e", "esp:GND.1", "black", [ "h-38.4", "v-9.5" ] ],
    [ "esp:D15", "bb1:6t.d", "green", [ "h47.7", "v9.4", "h76.8" ] ],
    [ "bb1:1t.e", "bb1:8t.e", "purple", [ "v-19.2", "h67.2" ] ],
    [ "bb1:12b.j", "esp:D2", "red", [ "v19.2", "h-163.2", "v-115.2" ] ],
    [ "r4:1", "bb1:12t.e", "", [ "$bb" ] ],
    [ "r4:2", "bb1:12b.i", "", [ "$bb" ] ],
    [ "r5:1", "bb1:2t.e", "", [ "$bb" ] ],
    [ "r5:2", "bb1:2b.i", "", [ "$bb" ] ],
    [ "r6:1", "bb1:6t.e", "", [ "$bb" ] ],
    [ "r6:2", "bb1:6b.i", "", [ "$bb" ] ],
    [ "bb1:8t.e", "bb1:11t.e", "black", [ "v0" ] ],
    [ "bb1:16t.e", "esp:D14", "red", [ "v86.4", "h-336", "v-124.8" ] ],
    [ "bb1:11t.e", "bb1:17t.e", "purple", [ "v0" ] ],
    [ "led4:A", "bb1:2t.a", "", [ "$bb" ] ],
    [ "led4:C", "bb1:1t.a", "", [ "$bb" ] ],
    [ "led3:A", "bb1:12t.c", "", [ "$bb" ] ],
    [ "led3:C", "bb1:11t.c", "", [ "$bb" ] ],
    [ "bz2:1", "bb1:16t.b", "", [ "$bb" ] ],
    [ "bz2:2", "bb1:17t.b", "", [ "$bb" ] ],
    [ "dht2:VCC", "bb1:5t.a", "", [ "$bb" ] ],
    [ "dht2:SDA", "bb1:6t.a", "", [ "$bb" ] ],
    [ "dht2:NC", "bb1:7t.a", "", [ "$bb" ] ],
    [ "dht2:GND", "bb1:8t.a", "", [ "$bb" ] ]
  ],
  "dependencies": {}
}